,biocViews,Enhances,LinkingTo,License,URL,Imports,Suggests Me,Build Report,Suggests,Depends,Version,SystemRequirements,Imports Me,Depends On Me,In Bioconductor since
ALL,"Cancer,ExperimentData,Leukemia",,,Artistic-2.0,,,"a4,a4Base,a4Classif,a4Preproc,Biobase,BiocCaseStudies,BioNet,Category,ChromHeatMap,clipper,eisa,EnrichmentBrowser,ExpressionView,genefilter,GeneSelectMMD,GOstats,graphite,GSAR,GSEAlm,keggorthology,MLInterfaces,npGSEA,pathRender,ReportingTools,SNAGEE,SNAGEEdata,topGO",&nbsp;,rpart,"R (>= 2.10),Biobase(>= 2.5.5)",1.7.1,,ConsensusClusterPlus,,
ALLMLL,"Cancer,ExperimentData,Leukemia",,,GPL-2,,,"arrayQualityMetrics,pvac",&nbsp;,,"R (>= 2.10),affy(>= 1.23.4)",1.5.1,,,,
ARRmData,"ExperimentData,HighThroughputSequencingData,IlluminaChip",,,Artistic-2.0,,,,&nbsp;,,R (>= 3.0.0),1.1.1,,,ARRmNormalization,
Affyhgu133A2Expr,"AffymetrixChIP,ExperimentData,Homo_sapiens",,,GPL (>=2),,,GSCA,&nbsp;,,R (>= 2.10),1.1.1,,,,
Affyhgu133Plus2Expr,"AffymetrixChIP,ExperimentData,Homo_sapiens",,,GPL (>=2),,,GSCA,&nbsp;,,R (>= 2.10),1.0.1,,,,
Affyhgu133aExpr,"AffymetrixChIP,ExperimentData,Homo_sapiens",,,GPL (>=2),,,GSCA,&nbsp;,,R (>= 2.10),1.3.1,,,,
AffymetrixDataTestFiles,"AnnotationData,ExperimentData,Microarray,OneChannel",,,LGPL-2.1,,,"affxparser,affyILM",&nbsp;,,R (>= 2.5.0),0.3.1,,,,
Affymoe4302Expr,"AffymetrixChIP,ExperimentData,Mus_musculus",,,GPL (>=2),,,GSCA,&nbsp;,,R (>= 2.10),1.3.1,,,,
AmpAffyExample,ExperimentData,,,LGPL (>= 2),,,AffyRNADegradation,&nbsp;,hgu133acdf,"R (>= 2.4.0),affy(>= 1.23.4)",1.5.1,,,,
BeadArrayUseCases,"DifferentialExpression,ExperimentData,Microarray",,,GPL-2,,"beadarray(>= 2.3.18),limma,GEOquery",,&nbsp;,"Biostrings,GenomicRanges,illuminaHumanv1.db,illuminaHumanv2.db,illuminaHumanv3.db",,1.3.1,,,,
CCl4,ExperimentData,,,Artistic-2.0,,,"arrayQualityMetrics,BiocCaseStudies",&nbsp;,,"R (>= 2.6.0),Biobase(>= 2.5.5),limma",1.3.1,,,,
CLL,"Cancer,ExperimentData,Leukemia",,,LGPL,,,BiocCaseStudies,&nbsp;,,"R (>= 2.10),affy(>= 1.23.4),Biobase(>= 2.5.5)",1.5.1,,,,
COHCAPanno,"DNAMethylation,Epigenetics,ExperimentData,Microarray",,,GPL-3,,,,&nbsp;,,R (>= 2.10),1.1.1,,,COHCAP,
COPDSexualDimorphism.data,"ExperimentData,NormalTissue,RNAExpressionData",,,LGPL-2.1,,,,&nbsp;,,,1.1.1,,,COPDSexualDimorphism,
COSMIC.67,"Cancer,ExperimentData",,,GPL-3,,"GenomicRanges,VariantAnnotation",SomaticSignatures,&nbsp;,"testthat,BiocStyle,knitr",R (>= 3.0.2),1.1.1,,,,
CRCL18,ExperimentData,,,GPL-2,,,,&nbsp;,,"R (>= 3.0),Biobase",1.0.0,,,,
ChAMPdata,"ExperimentData,ExpressionData,IlluminaChip",,,GPL-3,,,,&nbsp;,,R (>= 3.0.1),1.1.2,,,ChAMP,
ChIPXpressData,"AffymetrixChIP,ExperimentData,Homo_sapiens,Mus_musculus",,,GPL (>=2),,,,&nbsp;,,bigmemory,1.3.2,,,ChIPXpress,
ChimpHumanBrainData,"ExperimentData,ExpressionData,RNAExpressionData",,,MIT,,,,&nbsp;,,"affy,qvalue,limma,hexbin,statmod",1.3.1,,,,
ConnectivityMap,"ExperimentData,GeneExpression,Microarray",,,GPL-3,,,,&nbsp;,"RUnit,BiocGenerics",R (>= 2.15.1),1.1.1,,,,
CopyNumber450kData,"DNAMethylation,ExperimentData",,,Artistic-2.0,,,CopyNumber450k,&nbsp;,,"R (>= 2.13.0),minfi,IlluminaHumanMethylation450kmanifest,IlluminaHumanMethylation450kanno.ilmn12.hg19",1.1.1,,,,
DLBCL,"Cancer,ExperimentData",,,GPL (>=2),http://bionet.bioapps.biozentrum.uni-wuerzburg.de/,,"BioNet,SANTA",&nbsp;,,"R (>= 2.11.0),Biobase",1.5.1,,,,
DMRcatedata,"ExperimentData,IlluminaChip",,,GPL-3,,,,&nbsp;,,R (>= 3.0.2),1.1.1,,,DMRcate,
DREAM4,"ExperimentData,NetworkInference,RNAExpressionData",,,GPL,,BiocGenerics,,&nbsp;,"RUnit,networkBMA","R (>= 2.15.1),GenomicRanges",1.1.1,,,,
DeSousa2013,"Bioinformatics,ExperimentData",,,Artistic-2.0,,"affy,frma,frmaTools,hgu133plus2.db,hgu133plus2frmavecs,sva,rgl,ConsensusClusterPlus,cluster,siggenes,ROCR,pamr,survival,gplots,AnnotationDbi,Biobase",,&nbsp;,,R (>= 2.15),1.1.1,,,,
DonaPLLP2013,ExperimentData,,,Artistic-2.0,,,,&nbsp;,,"EBImage, parallel",1.3.1,,,,
DrugVsDiseasedata,"ExperimentData,GeneExpression,Homo_sapiens,Microarray",,,GPL-3,,,,&nbsp;,,R (>= 2.10),1.1.1,,,DrugVsDisease,
DvDdata,ExperimentData,,,GPL-3,,,,&nbsp;,,R (>= 2.10),1.1.1,,,,
EatonEtAlChIPseq,"ChIPseqData,ExperimentData,Yeast",,,Artistic 2.0,,,,&nbsp;,,"GenomicRanges(>= 1.5.42),ShortRead,rtracklayer",0.3.1,,,,
FANTOM3and4CAGE,"ExperimentData,HighThroughputSequencing,TimeCourse,Transcription",,,GPL-3,,,CAGEr,&nbsp;,,R (>= 2.15.0),1.1.1,,,,
Fletcher2013a,"Cancer,ExperimentData,RNAExpressionData",,,GPL (>= 2),http://dx.doi.org/10.1038/ncomms3464,"Biobase,VennDiagram,gplots, grid",,&nbsp;,,"R (>= 2.15),limma",1.1.1,,,Fletcher2013b,
Fletcher2013b,"Cancer,ExperimentData,RNAExpressionData",,,GPL (>= 2),http://dx.doi.org/10.1038/ncomms3464,"RColorBrewer,corrgram",,&nbsp;,,"R (>= 2.15),Fletcher2013a,biomaRt,VennDiagram,RTN(>= 1.1.2),RedeR(>= 1.8.1)",1.1.1,,,,
FlowSorted.Blood.450k,"DNAMethylation,ExperimentData,Homo_sapiens,IlluminaChip",,,Artistic-2.0,,,minfi,&nbsp;,,"R (>= 2.13.0),minfi(>= 1.8.0)",1.3.1,,,,
FlowSorted.DLPFC.450k,"DNAMethylation,ExperimentData,Homo_sapiens,IlluminaChip",,,Artistic-2.0,,,,&nbsp;,,"R (>= 2.13.0),minfi",1.1.1,,,,
FunciSNP.data,"Annotation,DataImport,DataRepresentation,ExperimentData,Infrastructure,SequenceMatching",,,GPL-3,http://coetzeeseq.usc.edu/publication/Coetzee_SG_et_al_2012/,rtracklayer,,&nbsp;,,R (>= 2.14.0),1.1.0,,,FunciSNP,
GGdata,"ExperimentData,HapMap",GGtools,,LGPL,,,"crlmm,encoDnaseI,GGtools",&nbsp;,,"R (>= 2.12.0), methods,Biobase(>= 2.5.5),GGBase,snpStats,illuminaHumanv1.db,AnnotationDbi",1.3.1,,,ggtut,
GSBenchMark,"ExperimentData,GeneExpression,GeneRegulation,Microarray,Pathways",,,GPL-2,,,GSReg,&nbsp;,,R (>= 2.13.1),1.0.0,,,,
GSVAdata,"Cancer,ExperimentData,Leukemia,RNAExpressionData,RNAseqData",,,GPL (>= 2),,,"GSAR,GSVA",&nbsp;,,"R (>= 2.10),Biobase,GSEABase,hgu95a.db",1.1.1,,,,
GWASdata,"ExperimentData,Microarray,SNP",,,Artistic-2.0,,,GWASTools,&nbsp;,,GWASTools,1.3.2,,,,
HD2013SGI,"Cancer,CellBasedAssays,CellBiology,Colon,ExperimentData,NetworkAnalysis,QualityControl",,,Artistic-2.0,,,,&nbsp;,BiocStyle,"R (>= 2.10.0),RColorBrewer,gplots,geneplotter,splots,limma,vcd,LSD,EBImage",1.5.1,GNU make,,,
HEEBOdata,ExperimentData,,,LGPL,http://alizadehlab.stanford.edu/http://arrays.ucsf.edu/,,arrayQuality,&nbsp;,,,1.3.1,,,,
HIVcDNAvantWout03,"ExperimentData,HIV",,,GPL (>= 2),http://expression.microslu.washington.edu/expression/vantwoutjvi2002.html,,,&nbsp;,,,1.5.1,,,,
HSMMSingleCell,"ExperimentData,HighThroughputSequencingData,RNAseqData",,,Artistic-2.0,,,,&nbsp;,,"R (>= 2.10),VGAM(>= 0.9-5)",1.0.0,,,monocle,
HiCDataHumanIMR90,"ExperimentData,HighThroughputSequencingData",,,GPL-3,,,,&nbsp;,HiTC,R (>= 2.10),1.0.0,,,,
HiCDataLymphoblast,"ExperimentData,HighThroughputSequencingData",,,GPL-3,,,GOTHiC,&nbsp;,"GOTHiC,ShortRead",,1.1.1,,,,
Hiiragi2013,ExperimentData,,,Artistic-2.0,,"grid,lattice,latticeExtra",,&nbsp;,"ArrayExpress,BiocStyle","R (>= 3.0.0),affy,Biobase,boot,clue,cluster,genefilter,geneplotter,gplots,gtools,KEGGREST,MASS,mouse4302.db,RColorBrewer,xtable",1.1.3,,,,
ITALICSData,ExperimentData,,,GPL,http://bioinfo.curie.fr,,,&nbsp;,,R (>= 2.0.0),2.3.1,,,ITALICS,
Illumina450ProbeVariants.db,"AnnotationData,ExperimentData,GeneticVariability,Homo_sapiens,IlluminaChip,SNP",,,GPL-3,,,,&nbsp;,,R (>= 3.0.1),1.1.1,,,ChAMP,
IlluminaDataTestFiles,"DataImport,ExperimentData",,,Artistic-2.0,,,illuminaio,&nbsp;,,,1.3.1,,,,
Iyer517,ExperimentData,,,Artistic-2.0,,,,&nbsp;,,Biobase(>= 2.5.5),1.7.1,,,,
JASPAR2014,"ExperimentData,GeneRegulation,MotifAnnotation",,,GPL-2,http://jaspar.genereg.net/,,TFBSTools,&nbsp;,,"R (>= 3.0.1), methods,Biostrings(>= 2.29.19)",1.1.1,,,,
KEGGandMetacoreDzPathwaysGEO,ExperimentData,,,GPL-2,,"Biobase,BiocGenerics",,&nbsp;,,R (>= 2.15.0),1.0.0,,,,
KEGGdzPathwaysGEO,ExperimentData,,,GPL-2,,"Biobase,BiocGenerics",,&nbsp;,,R (>= 2.13.0),1.3.1,,,PADOG,
LiebermanAidenHiC2009,ExperimentData,,,LGPL,,,,&nbsp;,,"KernSmooth,IRanges",0.3.1,,,,
ListerEtAlBSseq,ExperimentData,,,Artistic 2.0,,,,&nbsp;,,"R (>= 3.1.1),methylPipe",1.0.1,,,,
LungCancerACvsSCCGEO,"Classification,ExperimentData,Microarray",,,GPL-2,http://bioinformaticsprb.med.wayne.edu/,,,&nbsp;,,R (>= 2.15.0),1.1.1,,,maPredictDSC,
LungCancerLines,ExperimentData,,,Artistic-2.0,,Rsamtools,"gmapR,HTSeqGenie,VariantTools",&nbsp;,,,0.3.1,,,,
MAQCsubset,ExperimentData,,,Artistic-2.0,,,arrayMvout,&nbsp;,"genefilter,codelink","R (>= 2.10.0),affy(>= 1.23.4),Biobase(>= 2.5.5),lumi, methods",1.3.1,,,,
MAQCsubsetAFX,"ExperimentData,Microarray",,,Artistic-2.0,,,"qcmetrics,yaqcaffy",&nbsp;,,"R (>= 2.10),affy(>= 1.23.4),Biobase(>= 2.5.5)",1.3.1,,,,
MAQCsubsetILM,"ExperimentData,Microarray",,,Artistic-2.0,,,,&nbsp;,,"R (>= 2.10),Biobase(>= 2.5.5),lumi",1.3.1,,,,
MEDIPSData,"ChIPseq,DNAMethylation,DifferentialExpression,ExperimentData,HighThroughputSequencing,Methylseq,Preprocessing,QualityControl,Sequencing,Software,Visualization",,,GPL (>= 2),,,MEDIPS,&nbsp;,,R (>= 2.15.0),1.1.1,,,,
MEEBOdata,ExperimentData,,,LGPL,http://alizadehlab.stanford.edu/http://arrays.ucsf.edu/,,arrayQuality,&nbsp;,,,1.3.1,,,,
MMDiffBamSubset,"ChIPseqData,ExperimentData",,,LGPL,,,MMDiff,&nbsp;,MMDiff,,1.1.1,,,,
MSBdata,ExperimentData,,,LGPL,,,,&nbsp;,,,0.3.2,,,,
MUGAExampleData,"Experiment Data,ExperimentData",,,GPL-3,,,,&nbsp;,,R (>= 2.10.0),1.0.0,,DOQTL,,
MafDb.ALL.wgs.phase1.release.v3.20101123,"AnnotationData,ExperimentData,Genetics,Homo_sapiens,MafDb",,,Artistic-2.0,,"RSQLite(>= 0.8-1),Biobase,AnnotationDbi,IRanges,Biostrings,Rsamtools,GenomicRanges,VariantAnnotation",VariantFiltering,&nbsp;,,"R (>= 3.0.0),VariantFiltering",1.1.0,,,,
MafDb.ESP6500SI.V2.SSA137.dbSNP138,"AnnotationData,ExperimentData,Genetics,Homo_sapiens,MafDb",,,Artistic-2.0,,"RSQLite(>= 0.8-1),Biobase,AnnotationDbi,IRanges,Biostrings,GenomicRanges,VariantAnnotation",VariantFiltering,&nbsp;,,"R (>= 3.0.0),VariantFiltering",1.1.0,,,,
Mulder2012,"Bioinformatics,ExperimentData",,,Artistic-2.0,,"igraph,HTSanalyzeR,PANR,RedeR,pvclust,MASS",,&nbsp;,snow,"R (>= 2.14),org.Hs.eg.db,KEGG.db",0.5.1,,,,
NCIgraphData,"Bioinformatics,ExperimentData,GraphsAndNetworks",,,GPL-3,,,,&nbsp;,Rgraphviz,R (>= 2.10.0),1.1.1,,,,
NGScopyData,"DNASeq,ExperimentData,Sequencing,TargetedResequencing",,,GPL (>=2),http://www.bioconductor.org/packages/release/data/experiment/html/NGScopyData.html,,NGScopy,&nbsp;,,,0.99.2,,,,
Neve2006,"Breast,Cancer,ExperimentData",,,Artistic-2.0,,,,&nbsp;,,"R (>= 2.14.0), tools, methods, utils,Biobase(>= 1.14.0),hgu133a.db,annotate",0.3.1,,,,
PREDAsampledata,"Cancer,ExperimentData",,,Artistic-2.0,,,PREDA,&nbsp;,"hgu133plus2.db,hgu133plus2cdf","R (>= 2.9.0), methods,PREDA,Biobase,affy,annotate,gahgu133plus2.db,gahgu133plus2cdf",0.5.1,,,,
PWMEnrich.Dmelanogaster.background,"AnnotationData,Drosophila_melanogaster,ExperimentData,Organism",,,GPL-3,,,PWMEnrich,&nbsp;,,"methods,PWMEnrich",4.0.3,,,,
PWMEnrich.Hsapiens.background,"AnnotationData,ExperimentData,Homo_sapiens,Organism",,,GPL-3,,,PWMEnrich,&nbsp;,,"R (>= 2.10), methods,PWMEnrich",4.0.1,,,,
PWMEnrich.Mmusculus.background,"AnnotationData,ExperimentData,Mus_musculus,Organism",,,GPL-3,,,PWMEnrich,&nbsp;,,"R (>= 2.10), methods,PWMEnrich",4.0.1,,,,
PathNetData,ExperimentData,,,GPL-3,,,PathNet,&nbsp;,,R (>= 1.14.0),1.1.1,,,,
ProData,"Breast,Cancer,ExperimentData",,,GPL,,,,&nbsp;,,"R (>= 2.4.0),Biobase(>= 2.5.5)",1.3.1,,,,
RIPSeekerData,"ExperimentData,RIPseqData",,,GPL-2,,,,&nbsp;,,RIPSeeker,1.1.1,,,,
RMassBankData,"ExperimentData,MassSpectrometryData",,,Artistic-2.0,,,RMassBank,&nbsp;,RMassBank,,1.3.1,,,,
RNAinteractMAPK,ExperimentData,,,Artistic-2.0,,"grid,gdata,MASS,genefilter",,&nbsp;,"qvalue,lattice","R (>= 2.12.0), methods,fields,sparseLDA,RNAinteract",1.3.1,,,,
RNAseqData.HNRNPC.bam.chr14,"ExperimentData,Homo_sapiens,RNAseqData",,,LGPL,http://www.ebi.ac.uk/arrayexpress/experiments/E-MTAB-1147/,,"BiocParallel,GenomicAlignments,GenomicFiles,roar,Rsamtools,SplicingGraphs",&nbsp;,"GenomicAlignments,BiocInstaller",,0.3.2,,,,
RRBSdata,"DNAmethylationData,ExperimentData",,,LGPL-3,,,,&nbsp;,,"R (>= 3.1.0),BiSeq",1.0.0,,,,
RUVnormalizeData,"ExperimentData,ExpressionData",,,GPL-3,,,,&nbsp;,,"R (>= 2.10.0),Biobase",1.0.0,,RUVnormalize,,
RforProteomics,"ExperimentData,MassSpectrometry,MassSpectrometryData,Proteomics",cleaver,,Artistic-2.0,http://lgatto.github.com/RforProteomics/,"R.utils,Biobase,rpx,biocViews,BiocInstaller,interactiveDisplay,shiny","proteoQC,qcmetrics",&nbsp;,"mzR,xcms,msdata,isobar,MALDIquant(>= 1.11),MALDIquantForeign,readBrukerFlexData,rTANDEM,synapter,synapterdata,IPPD,Rdisop,OrgMassSpecR,BRAIN,rols,hpar,GO.db,org.Hs.eg.db,biomaRt,RColorBrewer,ggplot2,reshape2,xtable,lattice,mzID,pRoloc,pRolocdata,knitr,BiocStyle,MSGFplus,MSGFgui,MSnID",MSnbase,1.4.1,,,,
RnaSeqTutorial,"ExperimentData,RNAseqData",,,Artistic-2.0,,,easyRNASeq,&nbsp;,"Rsamtools,ShortRead,BSgenome.Dmelanogaster.UCSC.dm3,GenomicAlignments,biomaRt,genomeIntervals","R (>= 3.0.2), methods,easyRNASeq",0.3.1,,,,
SNAData,ExperimentData,,,LGPL,,,,&nbsp;,Rgraphviz,"R (>= 2.4.0),graph",1.11.1,,,,BioC 1.6 (R-2.1) or earlier
SNAGEEdata,"ExperimentData,Microarray,OneChannel,QualityControl,TwoChannel",,,Artistic-2.0,http://fleming.ulb.ac.be/SNAGEE,,,&nbsp;,"ALL,hgu95av2.db,SNAGEE",R (>= 2.6.0),1.1.1,,,SNAGEE,
SomatiCAData,"ExperimentData,Sequencing",,,Artistic-2.0,,,,&nbsp;,,R (>= 2.14),1.3.1,,,,
SomaticCancerAlterations,"Cancer,ExperimentData",,,GPL-3,,"GenomicRanges,exomeCopy,stringr,IRanges",SomaticSignatures,&nbsp;,"testthat,ggbio,ggplot2,BiocStyle,knitr",R (>= 3.0.0),1.1.1,,,,
SpikeIn,ExperimentData,,,Artistic-2.0,,,PECA,&nbsp;,,"R (>= 1.6),affy(>= 1.23.4)",1.7.1,,,,
SpikeInSubset,ExperimentData,,,LGPL,,,logitT,&nbsp;,,"R (>= 2.4.0),Biobase(>= 2.5.5),affy(>= 1.23.4)",1.5.1,,,,
TBX20BamSubset,"ExperimentData,RNAseqData",,,LGPL,,xtable,,&nbsp;,,Rsamtools(>= 1.9.8),1.1.1,,,,
TCGAMethylation450k,ExperimentData,,,GPL-2,,,"asmn,methylumi",&nbsp;,,,1.1.1,,,,
TCGAcrcmRNA,ExperimentData,,,GPL-2,,,,&nbsp;,,"R (>= 3.0),Biobase",1.0.0,,,,
TCGAcrcmiRNA,ExperimentData,,,GPL-2,,,,&nbsp;,,"R (>= 3.0),Biobase",1.0.0,,,,
TargetScoreData,"ExperimentData,RNAExpressionData,miRNAoverexpression",,,GPL-2,,,TargetScore,&nbsp;,"TargetScore,gplots",,1.1.1,,,,
TargetSearchData,ExperimentData,,,GPL (>= 2),,,TargetSearch,&nbsp;,,TargetSearch,1.3.1,,,,
XhybCasneuf,ExperimentData,,,Artistic-2.0,,,,&nbsp;,,"R (>= 2.4.0),affy,ath1121501cdf,tinesath1cdf,RColorBrewer, methods, grid",1.3.1,,,,
affycompData,"ExperimentData,Microarray,OneChannel,Preprocessing",,,GPL (>= 2),,,affycomp,&nbsp;,,"R (>= 2.13.0), methods,Biobase(>= 2.3.3),affycomp",1.3.1,,,,
affydata,"ExperimentData,Microarray,OneChannel",,,GPL (>= 2),,methods,"affy,affycoretools,affyPara,affypdnn,affyPLM,affyQCReport,arrayMvout,ArrayTools,bgx,Biostrings,farms,gcrma,LMGene,puma,pvac,RefPlus,RPA,sscore,TurboNorm,vsn,yaqcaffy",&nbsp;,"hgu95av2cdf,hgu133acdf","R (>= 2.4.0),affy(>= 1.23.4)",1.13.1,,,affyContam,BioC 1.6 (R-2.1) or earlier
airway,"ExperimentData,RNAseqData",,,LGPL,,,DESeq2,&nbsp;,"knitr,GEOquery","R (>= 2.10),GenomicRanges",1.0.0,,,,
antiProfilesData,"Cancer,ExperimentData,NormalTissue,RNAExpressionData",,,Artistic-2.0,,,"antiProfiles,epivizr,messina",&nbsp;,"frma,GEOquery,GEOmetadb",Biobase,1.1.1,,,,
bcellViper,"Cancer,ExperimentData",,,GPL (>=2),,,viper,&nbsp;,,"R (>= 2.14.0),Biobase, methods",1.1.1,,,,
beadarrayExampleData,"ExperimentData,Microarray,OneChannel,Preprocessing,QualityControl",,,GPL-2,,,"beadarray,MiRaGE",&nbsp;,,"R (>= 2.13.0),Biobase(>= 2.5.5), methods,beadarray(>= 2.0.0)",1.3.1,,,,
beta7,ExperimentData,,,LGPL,,,,&nbsp;,,"R (>= 2.4.0),marray",1.3.1,,,,
bladderbatch,"Cancer,ExperimentData,RNAExpressionData",,,Artistic-2.0,,,sva,&nbsp;,,Biobase,1.3.1,,,,
blimaTestingData,"ExperimentData,RNAExpressionData",,,GPL-3,https://bitbucket.org/kulvait/blima,,blima,&nbsp;,"blima,beadarray,illuminaHumanv4.db,BiocStyle",R (>= 3.0.0),1.0.0,,,,
breastCancerMAINZ,"Cancer,ExperimentData,GeneExpression,Microarray",,,Artistic-2.0,http://compbio.dfci.harvard.edu/,,"DART,genefu,MineICA",&nbsp;,"survcomp,genefu,Biobase",R (>= 2.5.0),1.3.1,,,,
breastCancerNKI,"Cancer,ExperimentData,GeneExpression,Microarray",,,Artistic-2.0,http://compbio.dfci.harvard.edu/,,"genefu,seventyGeneData,SigCheck",&nbsp;,"survcomp,genefu,Biobase",R (>= 2.5.0),1.3.1,,,,
breastCancerTRANSBIG,"Cancer,ExperimentData,GeneExpression,Microarray",,,Artistic-2.0,http://compbio.dfci.harvard.edu/,,"genefu,MineICA",&nbsp;,"survcomp,genefu,Biobase",R (>= 2.5.0),1.3.1,,,,
breastCancerUNT,"Cancer,ExperimentData,GeneExpression,Microarray",,,Artistic-2.0,http://compbio.dfci.harvard.edu/,,genefu,&nbsp;,"survcomp,genefu,Biobase",R (>= 2.5.0),1.3.1,,,,
breastCancerUPP,"Cancer,ExperimentData,GeneExpression,Microarray",,,Artistic-2.0,http://compbio.dfci.harvard.edu/,,"genefu,MineICA,safe",&nbsp;,"survcomp,genefu,Biobase",R (>= 2.5.0),1.3.1,,,,
breastCancerVDX,"Cancer,ExperimentData,GeneExpression,Microarray",,,Artistic-2.0,http://compbio.dfci.harvard.edu/,,"DART,genefu,MineICA",&nbsp;,"survcomp,genefu,Biobase",R (>= 2.5.0),1.3.1,,,BAGS,
bronchialIL13,"ExperimentData,TimeCourse",,,GPL-2,http://www.biostat.harvard.edu/~carey,,,&nbsp;,,"R (>= 2.10.0),affy(>= 1.23.4)",1.3.1,,,,
bsseqData,"DNAMethylation,ExperimentData",,,Artistic-2.0,,,bsseq,&nbsp;,,"R (>= 2.15),bsseq(>= 0.9.6)",0.3.1,,,,
cMap2data,"ExperimentData,GeneExpression,Homo_sapiens,Microarray",,,GPL-3,,,,&nbsp;,,R (>= 2.10),1.1.1,,,DrugVsDisease,
cancerdata,"Cancer,Classification,ExperimentData,Microarray,Visualization",,,GPL (>= 2),,,cancerclass,&nbsp;,,"R (>= 2.10.1),Biobase",1.3.1,,,,
ccTutorial,"ChIPchipData,ExperimentData",,,Artistic-2.0,,Biobase,,&nbsp;,"biomaRt,Biobase(>= 2.5.5),xtable","R (>= 2.10),Ringo(>= 1.9.8),affy(>= 1.23.4),topGO(>= 1.13.1)",1.3.1,,,,
ceu1kg,"ExperimentData,Genetics,SNP",,,Artistic-2.0,,,,&nbsp;,SNPlocs.Hsapiens.dbSNP.20101109,"R (>= 2.12.0),GGBase(>= 3.9.0),GGtools,Biobase",0.3.1,,,,
ceu1kgv,ExperimentData,,,Artistic-2.0,,Biobase,,&nbsp;,,"R (>= 3.0),GGBase",0.7.1,,,,
ceuhm3,"ExperimentData,GeneExpression,GeneticVariability,Genetics,SNP",,,Artistic-2.0,,GGtools,,&nbsp;,,"R (>= 2.12.0),GGBase,Biobase",0.3.1,,,,
cgdv17,"ExperimentData,genetics",,,Artistic 2.0,,"Biobase,IRanges,S4Vectors",,&nbsp;,,"R (>= 2.15),VariantAnnotation,org.Hs.eg.db, methods,GGtools,TxDb.Hsapiens.UCSC.hg19.knownGene, parallel",0.3.2,,,,
charmData,ExperimentData,,,LGPL (>= 2),,,charm,&nbsp;,,"R (>= 2.11.0),charm,pd.charm.hg18.example",1.1.1,,,,
cheung2010,"ExperimentData,GeneticVariability,RNAseqData",parallel,,Artistic-2.0,,AnnotationDbi,,&nbsp;,SNPlocs.Hsapiens.dbSNP.20120608,"R (>= 2.13.0),Biobase,GGtools,GenomicRanges,hgfocus.db",0.3.2,,,ggtut,
chipenrich.data,ExperimentData,,,GPL-3,,"methods,GenomicRanges(>= 1.10.0),IRanges(>= 1.16.0),BiocGenerics(>= 0.2.0)",,&nbsp;,,R (>= 2.15.0),1.1.8,,chipenrich,,
cnvGSAdata,ExperimentData,,,LGPL,,,cnvGSA,&nbsp;,,"R (>= 2.10),cnvGSA",1.1.1,,,,
colonCA,"Cancer,Colon,ExperimentData",,,LGPL,,,copa,&nbsp;,,Biobase(>= 2.5.5),1.7.1,,,,
curatedBladderData,"Bladder,Cancer,ExperimentData,RNAExpressionData",,,Artistic-2.0,,,,&nbsp;,"BiocStyle,survival,xtable,sva,genefilter,logging","R (>= 2.10.0),affy",1.1.1,,,,
curatedCRCData,"Cancer,Colorectal,ExperimentData,TCGA",,,Artistic-2.0,https://bitbucket.org/lwaldron/curatedcrcdata,,,&nbsp;,"survival,sva,BiocStyle,xtable,genefilter,logging,Biobase","R (>= 2.10.0),nlme",1.1.2,,,,
curatedOvarianData,"Cancer,ExperimentData,Ovarian,RNAExpressionData",,,Artistic-2.0,http://bcb.dfci.harvard.edu/ovariancancer,BiocGenerics,"ClassifyR,simulatorZ",&nbsp;,"survival,RUnit,metafor,genefilter,logging,sva,xtable,futile.logger,BiocStyle","R (>= 2.10.0),affy",1.3.5,,,,
davidTiling,"ExperimentData,Yeast",,,LGPL,http://www.ebi.ac.uk/huber,,,&nbsp;,,"R (>= 2.10),Biobase(>= 2.5.5),tilingArray,GO.db",1.5.1,,,,
derfinderData,"ExperimentData,RNAseqData",,,Artistic-2.0,https://github.com/lcolladotor/derfinderData,,"derfinder,derfinderPlot",&nbsp;,"devtools(>= 1.6),knitcitations(>= 1.0.1),knitr(>= 1.6),knitrBootstrap(>= 0.9.0),RefManageR,rmarkdown(>= 0.3.3)",R (>= 3.1.1),1.0.0,,,,
dressCheck,"ExperimentData,Statistics",,,Artistic-2.0,,,,&nbsp;,"survival,chron","R (>= 2.10.1), methods,Biobase(>= 2.5.5)",0.3.1,,,,
dsQTL,"ExperimentData,HighThroughputSequencingData,genetics",,,Artistic-2.0,,,,&nbsp;,,"R (>= 2.15.0), utils,GenomicRanges,Biobase,GGBase",0.3.1,,,,
dyebiasexamples,"ExperimentData,Microarray,TwoChannel",,,GPL-3,http://www.holstegelab.nl/publications/margaritis_lijnzaad,,dyebias,&nbsp;,"dyebias,convert,Biobase","R (>= 1.4.1),marray,GEOquery",1.3.1,,,,
ecoliLeucine,"EColiData,ExperimentData",,,GPL (>= 2),,,ecolitk,&nbsp;,,"R (>= 1.9.0),affy(>= 1.23.4),ecolicdf",1.5.1,,,,
encoDnaseI,ExperimentData,,,Artistic-2.0,,,,&nbsp;,GGdata,"R (>= 2.15.0), methods,Biobase(>= 2.5.5),lattice,GGtools,GGBase",0.3.1,,,,
estrogen,ExperimentData,,,LGPL,,,"AffyExpress,categoryCompare,paxtoolsr",&nbsp;,"Biobase(>= 1.13.16),affy,vsn,hgu95av2.db,genefilter","R (>= 1.9.0),affy(>= 1.4)",1.11.1,,,,
faahKO,"ExperimentData,MassSpectrometryData",,,LGPL,http://dx.doi.org/10.1021/bi0480335,,"CAMERA,mzR,Risa,xcms",&nbsp;,,xcms,1.5.6,,cosmiq,,
fabiaData,"Bioinformatics,Clustering,DifferentialExpression,ExperimentData,Microarray,MultipleComparisons,Statistics,Visualization",,,LGPL (>= 2.1),http://www.bioinf.jku.at/software/fabia/fabia.html,utils,,&nbsp;,fabia,"R (>= 2.10.0),Biobase",1.3.1,,,,
facopy.annot,"AnnotationData,ExperimentData,FunctionalAnnotation",,,GPL-3,,,,&nbsp;,,R (>= 2.10),1.0.0,,,facopy,
facsDorit,ExperimentData,,,GPL-2,http://www.dkfz.de/mga,,,&nbsp;,,"R (>= 1.9.1),prada(>= 1.0.5)",1.7.1,,,,
ffpeExampleData,"ExperimentData,GeneExpression,Microarray",,,GPL (>2),,,ffpe,&nbsp;,"genefilter,affy","R (>= 2.10.0),lumi",1.3.1,,,,
fibroEset,ExperimentData,,,LGPL,,,"biocGraph,clusterStab,geneplotter",&nbsp;,,Biobase(>= 2.5.5),1.7.1,,,pdmclass,
fission,"ExperimentData,RNAseqData,Yeast",,,LGPL,,,,&nbsp;,knitr,"R (>= 2.10),GenomicRanges",1.0.0,,,,
flowFitExampleData,"Bioinformatics,CellBasedAssays,ExperimentData,FlowCytometry",,,Artistic-2.0,,methods,flowFit,&nbsp;,,"R (>= 2.12.2),flowCore",1.1.1,,,,
flowWorkspaceData,ExperimentData,,,GPL-2,,,"flowWorkspace,openCyto",&nbsp;,,,2.1.1,,,,
frmaExampleData,"AffymetrixChip,ExperimentData,Homo_sapiens,Microarray",,,GPL (>= 2),,,"frma,frmaTools",&nbsp;,,R (>= 2.10.0),1.1.1,,,,
gageData,"Cancer,ExperimentData",,,GPL (>=2.0),,,"gage,ToPASeq",&nbsp;,"gage,pathview,genefilter",R (>= 2.10),2.3.1,,,,
gaschYHS,"ExperimentData,Yeast",,,Artistic-2.0,http://genome-www.stanford.edu/yeast_stress/data/rawdata/complete_dataset.txt,,,&nbsp;,,"R (>= 2.14.0),Biobase(>= 2.5.5)",1.3.1,,,,
gatingMLData,ExperimentData,,,GPL,,,flowUtils,&nbsp;,flowUtils,R (>= 1.9.0),2.6.1,,,,
gcspikelite,"ExperimentData,MassSpectrometryData",,,LGPL,,,,&nbsp;,,R (>= 2.5.0),1.3.1,,,flagme,
geneLenDataBase,"ExperimentData,HighThroughputSequencingData,RNAseq,Transcription",,,LGPL (>= 2),,"utils,rtracklayer,GenomicFeatures(>= 1.3.15)",,&nbsp;,,R (>= 2.11.0),1.1.1,,,goseq,
ggtut,ExperimentData,,,Artistic-2.0,,,,&nbsp;,"rtracklayer,GenomicFeatures,ChIPpeakAnno,TxDb.Hsapiens.UCSC.hg18.knownGene","R (>= 2.14.0),GGtools(>= 3.11.32),ff,GenomicRanges,snpStats,GGdata,GenomicFeatures,ChIPpeakAnno,Rsamtools(>= 1.5.35),cheung2010,SNPlocs.Hsapiens.dbSNP.20120608,hmyriB36",0.3.2,,,,
golubEsets,"Cancer,ExperimentData,Leukemia",,,LGPL,,,"adSplit,Biobase,GENE.E,GlobalAncova,globaltest,idiogram,MLInterfaces,pvca,RDRToolbox,twilight",&nbsp;,,"R (>= 2.14.0),Biobase(>= 2.5.5)",1.7.1,,,MCRestimate,
h5vcData,"ExperimentData,HighThroughputSequencingData",,,GPL (>= 3),,,Rariant,&nbsp;,h5vc,,1.99.1,,h5vc,,
hapmap100khind,"ExperimentData,HapMap",,,GPL,,,,&nbsp;,oligo,,1.7.1,,,,
hapmap100kxba,"ExperimentData,HapMap",,,GPL,,,oligo,&nbsp;,oligo,,1.7.1,,,,
hapmap500knsp,"ExperimentData,HapMap",,,GPL,,,,&nbsp;,oligo,,1.7.1,,,,
hapmap500ksty,"ExperimentData,HapMap",,,GPL,,,,&nbsp;,oligo,,1.7.1,,,,
hapmapsnp5,"ExperimentData,HapMap",,,GPL,,,oligoClasses,&nbsp;,oligo,,1.7.1,,,,
hapmapsnp6,"ExperimentData,HapMap",,,GPL,,,"crlmm,oligoClasses",&nbsp;,"oligo,oligoClasses",R (>= 2.15),1.7.1,,,,
harbChIP,"ChIPchip,ExperimentData,Yeast",,,Artistic-2.0,,"methods, stats",,&nbsp;,,"R (>= 2.10.0), tools, utils,IRanges,Biobase(>= 2.5.5),Biostrings",1.3.1,,,,
healthyFlowData,"Bioinformatics,CellBasedAssays,ExperimentData,FlowCytometry",,,Artistic-2.0,,methods,flowMatch,&nbsp;,,"R (>= 2.15.0),flowCore",1.3.1,,,,
hgu133abarcodevecs,"AffymetrixChip,AnnotationData,ExperimentData,Homo_sapiens,hgu133a",,,GPL (>= 2),,,,&nbsp;,,R (>= 2.10.0),1.3.1,,,,
hgu133plus2barcodevecs,"AffymetrixChip,AnnotationData,ExperimentData,Homo_sapiens,hgu133plus2",,,GPL (>= 2),,,,&nbsp;,,R (>= 2.10.0),1.3.1,,,,
hgu2beta7,"AnnotationData,ExperimentData",,,Artistic-2.0,,,,&nbsp;,,R (>= 2.0.0),1.5.1,,,,
hmyriB36,"ExperimentData,Statistics",,,Artistic-2.0,,,ind1KG,&nbsp;,"GGtools,illuminaHumanv1.db","R (>= 2.13.0), methods,Biobase(>= 2.5.5),GGBase",1.1.1,,,ggtut,
humanStemCell,"ExperimentData,StemCells",,,Artistic-2.0,,,"MiRaGE,rtracklayer",&nbsp;,,"Biobase(>= 2.5.5),hgu133plus2.db",0.5.1,,,,
ind1KG,"ExperimentData,Genetics,HighThroughputSequencing",,,Artistic-2.0,,,,&nbsp;,"Rsamtools,rtracklayer,GenomicFeatures,org.Hs.eg.db,SNPlocs.Hsapiens.dbSNP.20090506,TxDb.Hsapiens.UCSC.hg18.knownGene,lumiHumanIDMapping,GGBase,GGtools,hmyriB36","R (>= 2.10.1),chopsticks",0.3.1,,,,
iontreeData,"ExperimentData,Metabolomics",,,GPL-2,,,iontree,&nbsp;,,,1.1.1,,,,
kidpack,"Cancer,ExperimentData,Kidney",,,GPL-2,http://www.dkfz.de/mga,,,&nbsp;,,"R (>= 2.6.0),Biobase(>= 2.5.5)",1.7.1,,,,
leeBamViews,"CellBiology,DifferentialExpression,ExperimentData,Genetics,HighThroughputSequencing,RNAseq,RNAseqData",multicore,,Artistic 2.0,,"GenomicRanges,GenomicAlignments, methods",EDASeq,&nbsp;,"GenomeGraphs,biomaRt,org.Sc.sgd.db,edgeR","R (>= 2.15.0),Biobase,Rsamtools(>= 0.1.50),BSgenome",1.1.1,,,,
leukemiasEset,"Bioinformatics,Cancer,Classification,ExperimentData,GeneExpression,Leukemia,Microarray",,,GPL (>= 2),,,geNetClassifier,&nbsp;,,"R (>= 2.10.1),Biobase(>= 2.5.5)",1.1.1,,,,
lumiBarnes,"ExperimentData,NormalTissue,OneChannel,RNAExpressionData",,,LGPL,,,"arrayMvout,lumi",&nbsp;,,"R (>= 2.0),Biobase(>= 2.5.5),lumi(>= 1.1.0)",1.5.1,,,,
lungExpression,"Cancer,ExperimentData,Lung",,,GPL (>= 2),,,globaltest,&nbsp;,,"R (>= 2.4.0),Biobase(>= 2.5.5)",0.3.1,,,,
mammaPrintData,"Cancer,ExperimentData,RNAExpressionData",,,Artistic-2.0,http://luigimarchionni.org/breastTSP.html,,,&nbsp;,"Biobase,gdata,limma",R (>= 2.13.0),1.1.1,,,,
maqcExpression4plex,ExperimentData,,,GPL,,,oligo,&nbsp;,"oligo,pdInfoBuilder",,1.9.1,,,,
metaMSdata,"ExperimentData,MassSpectrometryData",,,GPL (>= 2),,,metaMS,&nbsp;,,,1.1.1,,,,
miRNATarget,ExperimentData,,,GPL,,,MiRaGE,&nbsp;,,"R (>= 2.10),Biobase",1.3.1,,,,
minfiData,"DNAMethylation,ExperimentData",,,Artistic-2.0,,,"CopyNumber450k,MethylAid,minfi,missMethyl,shinyMethyl",&nbsp;,,"R (>= 2.13.0),minfi,IlluminaHumanMethylation450kmanifest,IlluminaHumanMethylation450kanno.ilmn12.hg19",0.7.1,,,,
mitoODEdata,"CellBasedAssays,ExperimentData,Preprocessing,TimeCourse",,,LGPL,,,,&nbsp;,,R (>= 2.14.0),1.1.1,,,mitoODE,
mosaicsExample,"ChIPseqData,ExperimentData,Homo_sapiens",,,GPL (>= 2),http://groups.google.com/group/mosaics_user_group,,mosaics,&nbsp;,,R (>= 2.11.1),1.1.1,,,,
mouse4302barcodevecs,"AffymetrixChip,AnnotationData,ExperimentData,Mus_musculus,mouse4302",,,GPL (>= 2),,,,&nbsp;,,R (>= 2.10.0),1.3.1,,,,
msd16s,"ExperimentData,metagenomics",,,Artistic-2.0,http://www.cbcb.umd.edu/research/projects/GEMS-pathogen-discovery,,,&nbsp;,,"R (>= 2.10),Biobase,metagenomeSeq",1.0.0,,,,
msdata,"ExperimentData,MassSpectrometryData",,,GPL (>= 2),,,"MSnbase,mzR,RforProteomics,xcms",&nbsp;,xcms,,0.3.3,,,,
mvoutData,ExperimentData,,,Artistic-2.0,,,arrayMvout,&nbsp;,,"R (>= 2.10.0), methods,Biobase(>= 2.5.5),affy(>= 1.23.4),lumi",1.1.1,,,,
pRolocdata,"ExperimentData,MassSpectrometry,Proteomics",,,GPL-2,https://github.com/lgatto/pRolocdata,,"MSnbase,pRoloc,RforProteomics",&nbsp;,pRoloc,"R (>= 2.15),MSnbase",1.4.1,,pRolocGUI,,
parathyroid,"ExperimentData,RNAseqData",,,LGPL,,,,&nbsp;,"GEOquery,SRAdb","DEXSeq,DESeq, R (>= 2.10)",1.1.1,,,,
parathyroidSE,"ExperimentData,RNAseqData",,,LGPL,,,"ClassifyR,DEXSeq,simulatorZ",&nbsp;,"Rsamtools,GenomicAlignments,GEOquery,SRAdb,GenomicFeatures,BiocStyle","GenomicRanges, R (>= 2.10)",1.3.2,,,,
pasilla,"ExperimentData,RNAseqData",,,LGPL,,,"BADER,DESeq,DESeq2,DEXSeq,genefilter,GenomicRanges,pasillaBamSubset,ReportingTools",&nbsp;,"locfit,edgeR,xtable,DEXSeq,DESeq",,0.5.1,,,,
pasillaBamSubset,"ExperimentData,RNAseqData",,,LGPL,,,"GenomicAlignments,GenomicFeatures,GenomicRanges,Rsamtools,TransView",&nbsp;,pasilla,,0.3.1,,,,
pcaGoPromoter.Hs.hg19,"AnnotationData,ExperimentData,Homo_sapiens",,,GPL (>= 2),,,pcaGoPromoter,&nbsp;,,,1.1.1,,,,
pcaGoPromoter.Mm.mm9,"AnnotationData,ExperimentData,Mus_musculus",,,GPL (>= 2),,,pcaGoPromoter,&nbsp;,,,1.1.1,,,,
pcaGoPromoter.Rn.rn4,"AnnotationData,ExperimentData,Rattus_norvegicus",,,GPL (>= 2),,,pcaGoPromoter,&nbsp;,,,1.1.1,,,,
pd.atdschip.tiling,"AnnotationData,ExperimentData",,,Artistic-2.0,,"Biostrings(>= 2.21.11),IRanges(>= 1.11.31),S4Vectors",waveTiling,&nbsp;,,"R (>= 2.14.0), methods,RSQLite(>= 0.10.0),oligoClasses(>= 1.15.58),oligo(>= 1.17.3),DBI",0.3.4,,,,
pepDat,"ExperimentData,Microarray",,,Artistic-2.0,,GenomicRanges,"pepStat,Pviz",&nbsp;,knitr,R (>= 3.0.0),1.0.0,,,,
phastCons100way.UCSC.hg19,"AnnotationData,ExperimentData,Genetics,Homo_sapiens,PhastConsDb",,,Artistic-2.0,,"utils,IRanges,GenomicRanges,BSgenome",VariantFiltering,&nbsp;,,"R (>= 3.0.0),VariantFiltering",1.1.0,,,,
ppiData,ExperimentData,,,Artistic-2.0,,AnnotationDbi,ScISI,&nbsp;,"org.Sc.sgd.db,ppiStats",graph,0.3.1,,,"PCpheno,ppiStats",
prebsdata,"ExperimentData,RNAseqData",,,Artistic-2.0,,,"prebs,SigFuge",&nbsp;,,R (>= 2.14.0),1.1.1,,,,
pumadata,ExperimentData,,,LGPL,http://umber.sbs.man.ac.uk/resources/puma,,puma,&nbsp;,,"R (>= 3.0.0),affy(>= 1.41.3),Biobase(>= 2.5.5),puma,oligo",2.1.1,,,,
rRDPData,"Classification,ExperimentData,Genetics,Infrastructure,Sequencing",,,GPL-2,,,rRDP,&nbsp;,,rRDP,1.0.0,Java,,,
rheumaticConditionWOLLBOLD,"Arthritis,ExperimentData,GeneExpression,Microarray,Osteoarthritis,Rheumatic diseases",,,Artistic-2.0,http://compbio.dfci.harvard.edu/,,,&nbsp;,"genefilter,Biobase,hgu133plus2.db",R (>= 2.10.0),1.3.1,,,,
seqCNA.annot,"Bioinformatics,CopyNumberVariants,ExperimentData,Genetics,HighThroughputSequencing",,,GPL-3,,,,&nbsp;,,R (>= 2.10),1.1.1,,,seqCNA,
seqc,"ExperimentData,ExpressionData,GeneExpression,HighThroughputSequencingData,RNAExpressionData,RNASeq,RNAseqData,Sequencing",,,GPL-3,http://bioconductor.org/packages/release/data/experiment/html/seqc.html,,,&nbsp;,,R (>= 2.10),1.0.0,,,,
serumStimulation,ExperimentData,,,GPL (>= 2),,,pcaGoPromoter,&nbsp;,,R (>= 2.10),1.1.1,,,,
seventyGeneData,"Cancer,ExperimentData,RNAExpressionData",,,Artistic-2.0,http://luigimarchionni.org/breastTSP.html,,,&nbsp;,"Biobase,gdata,limma,breastCancerNKI",R (>= 2.13.0),1.1.1,,,,
shinyMethylData,"DNAMethylation,ExperimentData",,,Artistic-2.0,,,shinyMethyl,&nbsp;,,R (>= 3.0.0),1.0.0,,,,
simpIntLists,ExperimentData,,,GPL (>= 2),,,,&nbsp;,,,1.1.1,,,ibh,
stemHypoxia,"Cancer,ExperimentData,GeneExpression,Microarray",,,GPL (>=2),http://www.ncbi.nlm.nih.gov/geo/query/acc.cgi?acc=GSE37761http://onlinelibrary.wiley.com/doi/10.1002/stem.295/abstract,,,&nbsp;,,R (>= 2.14.1),1.1.1,,,lmdme,
stjudem,ExperimentData,,,LGPL (>= 2),,,macat,&nbsp;,,"R (>= 2.10), utils",1.5.1,,,,
synapterdata,"ExperimentData,MassSpectrometry,MassSpectrometryData,Proteomics",,,GPL-2,,,"RforProteomics,synapter",&nbsp;,,"R (>= 2.10),synapter(>= 0.99.6)",1.3.2,,,,
tinesath1cdf,"AffymetrixChip,AnnotationData,Arabidopsis_thaliana,ExperimentData,ath1121501",,,Artistic-2.0,,,,&nbsp;,,,1.3.1,,,XhybCasneuf,
tinesath1probe,"AffymetrixChip,AnnotationData,Arabidopsis_thaliana,ExperimentData,tinesath1",,,LGPL,,,,&nbsp;,,"R (>= 1.6),AnnotationDbi(>= 1.11.9)",1.3.1,,,,
tweeDEseqCountData,"ExperimentData,HighThroughputSequencingData,RNAseqData",,,GPL (>=2),http://www.creal.cat/jrgonzalez/software.htm,,"GSAR,missMethyl,tweeDEseq",&nbsp;,,"Biobase, R (>= 2.10)",1.3.1,,,,
waveTilingData,"AnnotationData,ExperimentData,Microarray",,,GPL (>= 2),,,waveTiling,&nbsp;,,R (>= 2.14.0),1.1.1,,,,
yeastCC,"ExperimentData,Yeast",,,Artistic-2.0,,,"fastLiquidAssociation,ibh",&nbsp;,,Biobase(>= 2.5.5),1.5.1,,,LiquidAssociation,
yeastExpData,"ExperimentData,Yeast",,,GPL,,,"BiocCaseStudies,ppiStats",&nbsp;,"Biobase,GO.db,RBGL,org.Sc.sgd.db","R (>= 2.4),graph(>= 1.9.26)",0.11.1,,,,
yeastGSData,"ExperimentData,Yeast",,,Artistic-2.0,,,,&nbsp;,,,0.3.1,,,,
yeastNagalakshmi,"ChIPseqData,ExperimentData,Yeast",,,Artistic-2.0,,,ShortRead,&nbsp;,,,1.1.1,,,,
yeastRNASeq,"ExperimentData,RNAseqData,Yeast",,,GPL,,,"EDASeq,Genominator",&nbsp;,"Biobase,ShortRead,IRanges",R (>= 2.4),0.3.1,,,,
yri1kgv,ExperimentData,,,Artistic-2.0,,Biobase,,&nbsp;,,GGBase,0.7.1,,,,
zebrafishRNASeq,"ExperimentData,RNAseqData",,,GPL,,,"RUVSeq,sva",&nbsp;,"BiocStyle,knitr",R (>= 2.10),1.0.0,,,,
